-- phpMyAdmin SQL Dump
-- version 4.7.7
-- https://www.phpmyadmin.net/
--
-- Хост: 127.0.0.1:3306
-- Время создания: Июл 26 2019 г., 16:13
-- Версия сервера: 5.7.20-log
-- Версия PHP: 7.2.0

SET SQL_MODE = "NO_AUTO_VALUE_ON_ZERO";
SET AUTOCOMMIT = 0;
START TRANSACTION;
SET time_zone = "+00:00";


/*!40101 SET @OLD_CHARACTER_SET_CLIENT=@@CHARACTER_SET_CLIENT */;
/*!40101 SET @OLD_CHARACTER_SET_RESULTS=@@CHARACTER_SET_RESULTS */;
/*!40101 SET @OLD_COLLATION_CONNECTION=@@COLLATION_CONNECTION */;
/*!40101 SET NAMES utf8mb4 */;

--
-- База данных: `liveChat`
--

-- --------------------------------------------------------

--
-- Структура таблицы `messages`
--

CREATE TABLE `messages` (
  `id` int(10) UNSIGNED NOT NULL,
  `thread_id` int(10) UNSIGNED NOT NULL,
  `user_id` int(10) UNSIGNED NOT NULL,
  `body` text COLLATE utf8mb4_unicode_ci NOT NULL,
  `created_at` timestamp NULL DEFAULT NULL,
  `updated_at` timestamp NULL DEFAULT NULL,
  `deleted_at` timestamp NULL DEFAULT NULL
) ENGINE=InnoDB DEFAULT CHARSET=utf8mb4 COLLATE=utf8mb4_unicode_ci;

--
-- Дамп данных таблицы `messages`
--

INSERT INTO `messages` (`id`, `thread_id`, `user_id`, `body`, `created_at`, `updated_at`, `deleted_at`) VALUES
(31, 12, 1, 'С одним человеком', '2019-07-16 07:55:47', '2019-07-16 07:55:47', NULL),
(32, 13, 1, 'Нескольким людям', '2019-07-16 07:56:30', '2019-07-16 07:56:30', NULL),
(33, 13, 3, 'Что это? Зачем это тут? Кто ты такой?', '2019-07-22 03:52:28', '2019-07-22 03:52:28', NULL),
(34, 13, 3, 'Кто меня добавил?', '2019-07-22 03:59:42', '2019-07-22 03:59:42', NULL),
(35, 13, 3, '!!!', '2019-07-22 04:00:08', '2019-07-22 04:00:08', NULL),
(36, 13, 3, 'Hello', '2019-07-22 04:01:51', '2019-07-22 04:01:51', NULL),
(37, 13, 3, '165151', '2019-07-22 04:03:46', '2019-07-22 04:03:46', NULL),
(38, 13, 1, '51561', '2019-07-22 04:48:01', '2019-07-22 04:48:01', NULL),
(39, 13, 1, 'Еще раз привет', '2019-07-22 04:50:16', '2019-07-22 04:50:16', NULL),
(40, 13, 1, 'feee', '2019-07-22 04:54:49', '2019-07-22 04:54:49', NULL),
(41, 13, 1, 'Hello', '2019-07-22 04:55:32', '2019-07-22 04:55:32', NULL),
(42, 13, 3, 'Hello', '2019-07-22 04:57:02', '2019-07-22 04:57:02', NULL),
(43, 13, 1, '32r23r', '2019-07-23 01:13:14', '2019-07-23 01:13:14', NULL),
(44, 13, 1, '1531', '2019-07-23 03:01:37', '2019-07-23 03:01:37', NULL),
(45, 13, 1, 'Hello', '2019-07-23 07:16:38', '2019-07-23 07:16:38', NULL),
(47, 14, 1, '1111', '2019-07-22 20:00:00', '2019-07-22 20:00:00', NULL),
(48, 17, 1, 'Олег лох', '2019-07-24 13:01:49', '2019-07-24 13:01:49', NULL),
(49, 14, 2, 'sasas', '2019-07-25 05:13:07', '2019-07-25 05:13:07', NULL),
(50, 18, 1, 'ggg', '2019-07-25 06:22:21', '2019-07-25 06:22:21', NULL),
(51, 19, 1, 'Hello', '2019-07-25 07:49:10', '2019-07-25 07:49:10', NULL),
(52, 19, 1, '32r23r', '2019-07-25 07:50:35', '2019-07-25 07:50:35', NULL),
(53, 19, 1, 'vdfffffffffffffffffffffffffffffffffffffffffffff', '2019-07-25 07:54:37', '2019-07-25 07:54:37', NULL),
(54, 29, 1, 'nbnvn', '2019-07-25 08:39:00', '2019-07-25 08:39:00', NULL),
(55, 18, 2, 'l\'k\'k', '2019-07-25 08:43:47', '2019-07-25 08:43:47', NULL),
(56, 18, 1, '51561', '2019-07-25 08:45:40', '2019-07-25 08:45:40', NULL),
(57, 37, 1, 'Лол', '2019-07-25 13:52:30', '2019-07-25 13:52:30', NULL),
(58, 39, 1, 'bfbfgb', '2019-07-26 08:25:31', '2019-07-26 08:25:31', NULL),
(59, 38, 2, 'fghfgh', '2019-07-26 08:28:04', '2019-07-26 08:28:04', NULL),
(60, 39, 2, 'ghjg', '2019-07-26 08:28:13', '2019-07-26 08:28:13', NULL),
(61, 38, 2, 'hh', '2019-07-26 08:28:38', '2019-07-26 08:28:38', NULL),
(62, 40, 1, 'jjjj', '2019-07-26 08:57:29', '2019-07-26 08:57:29', NULL);

-- --------------------------------------------------------

--
-- Структура таблицы `migrations`
--

CREATE TABLE `migrations` (
  `id` int(10) UNSIGNED NOT NULL,
  `migration` varchar(255) COLLATE utf8mb4_unicode_ci NOT NULL,
  `batch` int(11) NOT NULL
) ENGINE=InnoDB DEFAULT CHARSET=utf8mb4 COLLATE=utf8mb4_unicode_ci;

--
-- Дамп данных таблицы `migrations`
--

INSERT INTO `migrations` (`id`, `migration`, `batch`) VALUES
(1, '2014_10_12_000000_create_users_table', 1),
(2, '2014_10_12_100000_create_password_resets_table', 1),
(3, '2014_10_28_175635_create_threads_table', 1),
(4, '2014_10_28_175710_create_messages_table', 1),
(5, '2014_10_28_180224_create_participants_table', 1),
(6, '2014_11_03_154831_add_soft_deletes_to_participants_table', 1),
(7, '2014_12_04_124531_add_softdeletes_to_threads_table', 1),
(8, '2017_03_30_152742_add_soft_deletes_to_messages_table', 1);

-- --------------------------------------------------------

--
-- Структура таблицы `participants`
--

CREATE TABLE `participants` (
  `id` int(10) UNSIGNED NOT NULL,
  `thread_id` int(10) UNSIGNED NOT NULL,
  `user_id` int(10) UNSIGNED NOT NULL,
  `last_read` timestamp NULL DEFAULT NULL,
  `created_at` timestamp NULL DEFAULT NULL,
  `updated_at` timestamp NULL DEFAULT NULL,
  `deleted_at` timestamp NULL DEFAULT NULL
) ENGINE=InnoDB DEFAULT CHARSET=utf8mb4 COLLATE=utf8mb4_unicode_ci;

--
-- Дамп данных таблицы `participants`
--

INSERT INTO `participants` (`id`, `thread_id`, `user_id`, `last_read`, `created_at`, `updated_at`, `deleted_at`) VALUES
(21, 12, 1, '2019-07-25 04:19:54', '2019-07-16 07:55:47', '2019-07-25 05:12:15', '2019-07-25 05:12:15'),
(22, 12, 3, '2019-07-25 00:58:27', '2019-07-16 07:55:47', '2019-07-25 06:10:22', '2019-07-25 06:10:22'),
(23, 13, 1, '2019-07-25 04:19:54', '2019-07-16 07:56:30', '2019-07-25 05:12:20', '2019-07-25 05:12:20'),
(24, 13, 2, '2019-07-25 00:58:09', '2019-07-16 07:56:30', '2019-07-25 06:10:11', '2019-07-25 06:10:11'),
(25, 13, 3, '2019-07-25 00:58:32', '2019-07-16 07:56:30', '2019-07-25 06:10:21', '2019-07-25 06:10:21'),
(26, 14, 1, '2019-07-25 05:13:37', '2019-07-23 07:25:53', '2019-07-25 06:09:28', '2019-07-25 06:09:28'),
(27, 14, 2, '2019-07-25 05:13:07', '2019-07-23 07:25:53', '2019-07-25 06:10:10', '2019-07-25 06:10:10'),
(28, 17, 1, '2019-07-25 04:19:53', '2019-07-24 01:09:49', '2019-07-25 04:58:52', '2019-07-25 04:58:52'),
(29, 18, 1, '2019-07-26 08:39:03', '2019-07-25 06:22:16', '2019-07-26 08:39:03', NULL),
(30, 18, 2, '2019-07-25 08:46:02', '2019-07-25 06:22:16', '2019-07-25 08:46:14', '2019-07-25 08:46:14'),
(31, 19, 1, '2019-07-25 07:55:45', '2019-07-25 07:49:04', '2019-07-25 07:56:06', '2019-07-25 07:56:06'),
(32, 19, 3, NULL, '2019-07-25 07:49:04', '2019-07-25 07:49:04', NULL),
(33, 20, 1, '2019-07-25 08:06:03', '2019-07-25 08:06:03', '2019-07-25 08:06:59', '2019-07-25 08:06:59'),
(34, 21, 1, '2019-07-25 08:07:19', '2019-07-25 08:07:19', '2019-07-25 08:07:27', '2019-07-25 08:07:27'),
(35, 22, 1, '2019-07-25 08:23:05', '2019-07-25 08:23:05', '2019-07-25 08:32:40', '2019-07-25 08:32:40'),
(36, 23, 1, '2019-07-25 08:32:50', '2019-07-25 08:32:50', '2019-07-25 08:35:12', '2019-07-25 08:35:12'),
(37, 23, 2, '2019-07-25 08:43:57', '2019-07-25 08:32:50', '2019-07-25 08:44:26', '2019-07-25 08:44:26'),
(38, 24, 1, '2019-07-25 08:35:54', '2019-07-25 08:35:54', '2019-07-25 08:36:04', '2019-07-25 08:36:04'),
(39, 24, 3, NULL, '2019-07-25 08:35:54', '2019-07-25 08:35:54', NULL),
(40, 25, 1, '2019-07-25 08:36:08', '2019-07-25 08:36:08', '2019-07-25 08:36:12', '2019-07-25 08:36:12'),
(41, 25, 3, NULL, '2019-07-25 08:36:08', '2019-07-25 08:36:08', NULL),
(42, 26, 1, '2019-07-25 08:36:26', '2019-07-25 08:36:26', '2019-07-25 08:36:52', '2019-07-25 08:36:52'),
(43, 27, 1, '2019-07-25 08:37:42', '2019-07-25 08:37:42', '2019-07-25 08:37:47', '2019-07-25 08:37:47'),
(44, 27, 2, '2019-07-25 08:44:39', '2019-07-25 08:37:42', '2019-07-25 08:44:40', '2019-07-25 08:44:40'),
(45, 28, 1, '2019-07-25 08:38:32', '2019-07-25 08:38:32', '2019-07-25 08:38:34', '2019-07-25 08:38:34'),
(46, 28, 2, NULL, '2019-07-25 08:38:32', '2019-07-25 08:44:43', '2019-07-25 08:44:43'),
(47, 29, 1, '2019-07-25 08:39:00', '2019-07-25 08:38:57', '2019-07-25 08:39:24', '2019-07-25 08:39:24'),
(48, 29, 2, NULL, '2019-07-25 08:38:57', '2019-07-25 08:44:46', '2019-07-25 08:44:46'),
(49, 30, 1, '2019-07-25 08:40:06', '2019-07-25 08:40:06', '2019-07-25 08:40:40', '2019-07-25 08:40:40'),
(50, 31, 1, '2019-07-25 08:40:46', '2019-07-25 08:40:46', '2019-07-25 08:40:54', '2019-07-25 08:40:54'),
(51, 31, 2, '2019-07-25 08:44:48', '2019-07-25 08:40:46', '2019-07-25 08:44:50', '2019-07-25 08:44:50'),
(52, 32, 1, '2019-07-25 08:40:57', '2019-07-25 08:40:57', '2019-07-25 08:41:00', '2019-07-25 08:41:00'),
(53, 32, 2, '2019-07-25 08:44:52', '2019-07-25 08:40:57', '2019-07-25 08:44:53', '2019-07-25 08:44:53'),
(54, 33, 1, '2019-07-25 08:41:09', '2019-07-25 08:41:09', '2019-07-25 08:41:11', '2019-07-25 08:41:11'),
(55, 33, 2, NULL, '2019-07-25 08:41:09', '2019-07-25 08:44:55', '2019-07-25 08:44:55'),
(56, 34, 1, '2019-07-25 08:41:30', '2019-07-25 08:41:30', '2019-07-25 08:41:32', '2019-07-25 08:41:32'),
(57, 34, 2, NULL, '2019-07-25 08:41:30', '2019-07-25 08:44:57', '2019-07-25 08:44:57'),
(58, 35, 1, '2019-07-25 08:55:41', '2019-07-25 08:55:41', '2019-07-25 08:55:43', '2019-07-25 08:55:43'),
(59, 36, 1, '2019-07-26 08:39:04', '2019-07-25 08:55:45', '2019-07-26 08:39:04', NULL),
(60, 36, 3, NULL, '2019-07-25 08:55:45', '2019-07-25 08:55:45', NULL),
(61, 37, 1, '2019-07-26 08:39:04', '2019-07-25 13:52:23', '2019-07-26 08:39:04', NULL),
(62, 37, 3, NULL, '2019-07-25 13:52:23', '2019-07-25 13:52:23', NULL),
(63, 38, 1, '2019-07-26 08:39:01', '2019-07-26 08:25:06', '2019-07-26 08:39:01', NULL),
(64, 38, 3, NULL, '2019-07-26 08:25:06', '2019-07-26 08:25:06', NULL),
(65, 38, 2, '2019-07-26 08:28:38', '2019-07-26 08:25:06', '2019-07-26 08:28:38', NULL),
(66, 39, 1, '2019-07-26 08:39:02', '2019-07-26 08:25:25', '2019-07-26 08:39:02', NULL),
(67, 39, 2, '2019-07-26 08:28:54', '2019-07-26 08:25:25', '2019-07-26 08:28:54', NULL),
(68, 39, 3, NULL, '2019-07-26 08:25:25', '2019-07-26 08:25:25', NULL),
(69, 40, 1, '2019-07-26 09:01:48', '2019-07-26 08:57:24', '2019-07-26 09:01:48', NULL),
(70, 40, 2, NULL, '2019-07-26 08:57:24', '2019-07-26 08:57:24', NULL);

-- --------------------------------------------------------

--
-- Структура таблицы `password_resets`
--

CREATE TABLE `password_resets` (
  `email` varchar(255) COLLATE utf8mb4_unicode_ci NOT NULL,
  `token` varchar(255) COLLATE utf8mb4_unicode_ci NOT NULL,
  `created_at` timestamp NULL DEFAULT NULL
) ENGINE=InnoDB DEFAULT CHARSET=utf8mb4 COLLATE=utf8mb4_unicode_ci;

-- --------------------------------------------------------

--
-- Структура таблицы `threads`
--

CREATE TABLE `threads` (
  `id` int(10) UNSIGNED NOT NULL,
  `subject` varchar(255) COLLATE utf8mb4_unicode_ci NOT NULL,
  `created_at` timestamp NULL DEFAULT NULL,
  `updated_at` timestamp NULL DEFAULT NULL,
  `deleted_at` timestamp NULL DEFAULT NULL
) ENGINE=InnoDB DEFAULT CHARSET=utf8mb4 COLLATE=utf8mb4_unicode_ci;

--
-- Дамп данных таблицы `threads`
--

INSERT INTO `threads` (`id`, `subject`, `created_at`, `updated_at`, `deleted_at`) VALUES
(12, 'Сообщение', '2019-07-16 07:55:47', '2019-07-16 07:55:47', NULL),
(13, 'Каникулы', '2019-07-16 07:56:30', '2019-07-23 07:16:38', NULL),
(14, 'Test', '2019-07-23 07:25:53', '2019-07-25 05:13:07', NULL),
(15, 'dad', '2019-07-24 01:09:12', '2019-07-24 01:09:12', NULL),
(16, 'dad', '2019-07-24 01:09:26', '2019-07-24 01:09:26', NULL),
(17, 'dad', '2019-07-24 01:09:49', '2019-07-24 13:01:49', NULL),
(18, 'Сообщение', '2019-07-25 06:22:16', '2019-07-25 08:45:40', NULL),
(19, 'Сообщение', '2019-07-25 07:49:04', '2019-07-25 07:54:37', NULL),
(20, 'Сообщение', '2019-07-25 08:06:03', '2019-07-25 08:06:03', NULL),
(21, 'Сообщение', '2019-07-25 08:07:19', '2019-07-25 08:07:19', NULL),
(22, 'Сообщение', '2019-07-25 08:23:05', '2019-07-25 08:23:05', NULL),
(23, 'Сообщение', '2019-07-25 08:32:50', '2019-07-25 08:32:50', NULL),
(24, 'Сообщение', '2019-07-25 08:35:54', '2019-07-25 08:35:54', NULL),
(25, 'Сообщение', '2019-07-25 08:36:08', '2019-07-25 08:36:08', NULL),
(26, 'Сообщение', '2019-07-25 08:36:26', '2019-07-25 08:36:26', NULL),
(27, 'Сообщение', '2019-07-25 08:37:42', '2019-07-25 08:37:42', NULL),
(28, 'Сообщение', '2019-07-25 08:38:32', '2019-07-25 08:38:32', NULL),
(29, 'Сообщение', '2019-07-25 08:38:57', '2019-07-25 08:39:00', NULL),
(30, 'Сообщение', '2019-07-25 08:40:06', '2019-07-25 08:40:06', NULL),
(31, 'Сообщение', '2019-07-25 08:40:46', '2019-07-25 08:40:46', NULL),
(32, 'Сообщение', '2019-07-25 08:40:57', '2019-07-25 08:40:57', NULL),
(33, 'Сообщение', '2019-07-25 08:41:09', '2019-07-25 08:41:09', NULL),
(34, 'Сообщение', '2019-07-25 08:41:30', '2019-07-25 08:41:30', NULL),
(35, 'Сообщение', '2019-07-25 08:55:41', '2019-07-25 08:55:41', NULL),
(36, 'Сообщение', '2019-07-25 08:55:45', '2019-07-25 08:55:45', NULL),
(37, 'Сообщение', '2019-07-25 13:52:23', '2019-07-25 13:52:30', NULL),
(38, 'Сообщение', '2019-07-26 08:25:06', '2019-07-26 08:28:38', NULL),
(39, 'Сообщение', '2019-07-26 08:25:25', '2019-07-26 08:28:13', NULL),
(40, 'Сообщение', '2019-07-26 08:57:24', '2019-07-26 08:57:29', NULL);

-- --------------------------------------------------------

--
-- Структура таблицы `users`
--

CREATE TABLE `users` (
  `id` bigint(20) UNSIGNED NOT NULL,
  `name` varchar(255) COLLATE utf8mb4_unicode_ci NOT NULL,
  `img` varchar(255) COLLATE utf8mb4_unicode_ci DEFAULT NULL,
  `email` varchar(255) COLLATE utf8mb4_unicode_ci NOT NULL,
  `email_verified_at` timestamp NULL DEFAULT NULL,
  `password` varchar(255) COLLATE utf8mb4_unicode_ci NOT NULL,
  `remember_token` varchar(100) COLLATE utf8mb4_unicode_ci DEFAULT NULL,
  `created_at` timestamp NULL DEFAULT NULL,
  `updated_at` timestamp NULL DEFAULT NULL
) ENGINE=InnoDB DEFAULT CHARSET=utf8mb4 COLLATE=utf8mb4_unicode_ci;

--
-- Дамп данных таблицы `users`
--

INSERT INTO `users` (`id`, `name`, `img`, `email`, `email_verified_at`, `password`, `remember_token`, `created_at`, `updated_at`) VALUES
(1, 'Курбандурдыев Нурлан Хангельдыевич', '/storage/avatars/1/it.jpg', 'admin@mail.ru', NULL, '$2y$10$lwntAL8BChYUMA7RNcJW5.X9dDG37Vr8BUQIQO1F2ZEuTbhuLNT5K', NULL, NULL, NULL),
(2, 'Иван Васильевич', '/storage/avatars/2/doctor.jpg', 'admin2222@mail.ru', NULL, '$2y$10$lwntAL8BChYUMA7RNcJW5.X9dDG37Vr8BUQIQO1F2ZEuTbhuLNT5K', NULL, NULL, NULL),
(3, 'Ольга Васильевич', '/storage/avatars/2/doctor.jpg', 'admin3333@mail.ru', NULL, '$2y$10$lwntAL8BChYUMA7RNcJW5.X9dDG37Vr8BUQIQO1F2ZEuTbhuLNT5K', NULL, NULL, NULL);

--
-- Индексы сохранённых таблиц
--

--
-- Индексы таблицы `messages`
--
ALTER TABLE `messages`
  ADD PRIMARY KEY (`id`);

--
-- Индексы таблицы `migrations`
--
ALTER TABLE `migrations`
  ADD PRIMARY KEY (`id`);

--
-- Индексы таблицы `participants`
--
ALTER TABLE `participants`
  ADD PRIMARY KEY (`id`);

--
-- Индексы таблицы `password_resets`
--
ALTER TABLE `password_resets`
  ADD KEY `password_resets_email_index` (`email`);

--
-- Индексы таблицы `threads`
--
ALTER TABLE `threads`
  ADD PRIMARY KEY (`id`);

--
-- Индексы таблицы `users`
--
ALTER TABLE `users`
  ADD PRIMARY KEY (`id`),
  ADD UNIQUE KEY `users_email_unique` (`email`);

--
-- AUTO_INCREMENT для сохранённых таблиц
--

--
-- AUTO_INCREMENT для таблицы `messages`
--
ALTER TABLE `messages`
  MODIFY `id` int(10) UNSIGNED NOT NULL AUTO_INCREMENT, AUTO_INCREMENT=63;

--
-- AUTO_INCREMENT для таблицы `migrations`
--
ALTER TABLE `migrations`
  MODIFY `id` int(10) UNSIGNED NOT NULL AUTO_INCREMENT, AUTO_INCREMENT=9;

--
-- AUTO_INCREMENT для таблицы `participants`
--
ALTER TABLE `participants`
  MODIFY `id` int(10) UNSIGNED NOT NULL AUTO_INCREMENT, AUTO_INCREMENT=71;

--
-- AUTO_INCREMENT для таблицы `threads`
--
ALTER TABLE `threads`
  MODIFY `id` int(10) UNSIGNED NOT NULL AUTO_INCREMENT, AUTO_INCREMENT=41;

--
-- AUTO_INCREMENT для таблицы `users`
--
ALTER TABLE `users`
  MODIFY `id` bigint(20) UNSIGNED NOT NULL AUTO_INCREMENT, AUTO_INCREMENT=4;
COMMIT;

/*!40101 SET CHARACTER_SET_CLIENT=@OLD_CHARACTER_SET_CLIENT */;
/*!40101 SET CHARACTER_SET_RESULTS=@OLD_CHARACTER_SET_RESULTS */;
/*!40101 SET COLLATION_CONNECTION=@OLD_COLLATION_CONNECTION */;
